Photos/dcac/SEQ75107_IMG_0007.JPG,1
Photos/dcac/SEQ75115_IMG_0004.JPG,1
Photos/dcac/SEQ75116_IMG_0001.JPG,1
Photos/dcac/SEQ75138_IMG_0005.JPG,1
Photos/dcac/SEQ75138_IMG_0012.JPG,1
Photos/dcac/SEQ75138_IMG_0019.JPG,1
Photos/dcac/SEQ75162_IMG_0008.JPG,1
Photos/dcac/SEQ75162_IMG_0015.JPG,1
Photos/dcac/SEQ75183_IMG_0002.JPG,1
Photos/dcac/SEQ75184_IMG_0004.JPG,1
Photos/dcac/SEQ75185_IMG_0003.JPG,1
Photos/dcac/SEQ75186_IMG_0005.JPG,1
Photos/dcac/SEQ75186_IMG_0012.JPG,1
Photos/dcac/SEQ75187_IMG_0004.JPG,1
Photos/dcac/SEQ75192_IMG_0001.JPG,1
Photos/dcac/SEQ75195_IMG_0006.JPG,1
Photos/dcac/SEQ75218_IMG_0005.JPG,1
Photos/dcac/SEQ75250_IMG_0007.JPG,1
Photos/dcac/SEQ75276_IMG_0007.JPG,1
Photos/dcac/SEQ75294_IMG_0005.JPG,0
Photos/dcac/SEQ75458_IMG_0002.JPG,1
Photos/dcac/SEQ75473_IMG_0004.JPG,1
Photos/dcac/SEQ75480_IMG_0001.JPG,1
Photos/dcac/SEQ75480_IMG_0008.JPG,1
Photos/dcac/SEQ75520_IMG_0004.JPG,1
Photos/dcac/SEQ75528_IMG_0005.JPG,1
Photos/dcac/SEQ75528_IMG_0012.JPG,1
Photos/dcac/SEQ75573_IMG_0005.JPG,1
Photos/dcac/SEQ75583_IMG_0003.JPG,1
Photos/dcac/SEQ75583_IMG_0010.JPG,1
Photos/dcac/SEQ75583_IMG_0017.JPG,1
Photos/dcac/SEQ75583_IMG_0024.JPG,1
Photos/dcac/SEQ75583_IMG_0031.JPG,1
Photos/dcac/SEQ75583_IMG_0039.JPG,1
Photos/dcac/SEQ75585_IMG_0006.JPG,1
Photos/dcac/SEQ75595_IMG_0007.JPG,1
Photos/dcac/SEQ75599_IMG_0004.JPG,1
Photos/dcac/SEQ75599_IMG_0011.JPG,1
Photos/dcac/SEQ75599_IMG_0018.JPG,1
Photos/dcac/SEQ75631_IMG_0002.JPG,1
Photos/dcac/SEQ75680_IMG_0011.JPG,1
Photos/dcac/SEQ75680_IMG_0018.JPG,1
Photos/dcac/SEQ75709_IMG_0008.JPG,1
Photos/dcac/SEQ75710_IMG_0002.JPG,1
Photos/dcac/SEQ75710_IMG_0009.JPG,1
Photos/dcac/SEQ75751_IMG_0001.JPG,1
Photos/dcac/SEQ75751_IMG_0008.JPG,1
Photos/dcac/SEQ75886_IMG_0003.JPG,1
Photos/dcac/SEQ75886_IMG_0010.JPG,1
Photos/dcac/SEQ75886_IMG_0017.JPG,1
Photos/dcac/SEQ75930_IMG_0004.JPG,1
Photos/dcac/SEQ75942_IMG_0001.JPG,1
Photos/dcac/SEQ75942_IMG_0008.JPG,1
Photos/dcac/SEQ76061_IMG_0011.JPG,1
Photos/dcac/SEQ76061_IMG_0018.JPG,1
Photos/dcac/SEQ76076_IMG_0004.JPG,1
Photos/dcac/SEQ76087_IMG_0001.JPG,0
Photos/dcac/SEQ76129_IMG_0005.JPG,1
Photos/dcac/SEQ76129_IMG_0012.JPG,1
Photos/dcac/SEQ76189_IMG_0003.JPG,1
Photos/dcac/SEQ76189_IMG_0010.JPG,0
Photos/dcac/SEQ76203_IMG_0007.JPG,1
Photos/dcac/SEQ76215_IMG_0007.JPG,1
Photos/dcac/SEQ76306_IMG_0007.JPG,1
Photos/dcac/SEQ76359_IMG_0001.JPG,1
Photos/dcac/SEQ76359_IMG_0008.JPG,1
Photos/dcac/SEQ76394_IMG_0007.JPG,1
Photos/dcac/SEQ76394_IMG_0014.JPG,1
Photos/dcac/SEQ76685_IMG_0003.JPG,1
Photos/dcac/SEQ76872_IMG_0005.JPG,1
Photos/dcac/SEQ76899_IMG_0006.JPG,1
Photos/dcac/SEQ77011_IMG_0006.JPG,1
Photos/dcac/SEQ77014_IMG_0007.JPG,1
Photos/dcac/SEQ77014_IMG_0014.JPG,1
Photos/dcac/SEQ77014_IMG_0021.JPG,1
Photos/dcac/SEQ77316_IMG_0002.JPG,1
Photos/dcac/SEQ77316_IMG_0009.JPG,1
Photos/dcac/SEQ77497_IMG_0001.JPG,1
Photos/dcac/SEQ77527_IMG_0005.JPG,1
Photos/dcac/SEQ77618_IMG_0003.JPG,1
Photos/dcac/SEQ77695_IMG_0003.JPG,1
Photos/dcac/SEQ77695_IMG_0010.JPG,1
Photos/dcac/SEQ79974_IMG_0001.JPG,1
Photos/dcac/SEQ79974_IMG_0009.JPG,1
Photos/dcac/SEQ80077_IMG_0001.JPG,1
Photos/dcac/SEQ80079_IMG_0004.JPG,1
Photos/dcac/SEQ80904_IMG_0001.JPG,1
Photos/dcac/SEQ80904_IMG_0008.JPG,1
Photos/dcac/SEQ80929_IMG_0005.JPG,1
Photos/dcac/SEQ80989_IMG_0003.JPG,1
Photos/dcac/SEQ81565_IMG_0001.JPG,1
Photos/dcac/SEQ81565_IMG_0008.JPG,1
Photos/dcac/SEQ81565_IMG_0015.JPG,1
Photos/dcac/SEQ81618_IMG_0002.JPG,1
Photos/dcac/SEQ81618_IMG_0009.JPG,1
Photos/dcac/SEQ81618_IMG_0016.JPG,1
Photos/dcac/SEQ81952_IMG_0004.JPG,1
Photos/dcac/SEQ81952_IMG_0011.JPG,1
Photos/dcac/SEQ81952_IMG_0018.JPG,1
Photos/dcac/SEQ81952_IMG_0025.JPG,1
Photos/dcac/SEQ82023_IMG_0001.JPG,1
Photos/dcac/SEQ82023_IMG_0008.JPG,1
Photos/dcac/SEQ82023_IMG_0015.JPG,1
Photos/dcac/SEQ82108_IMG_0001.JPG,1
Photos/dcac/SEQ82201_IMG_0001.JPG,1
Photos/dcac/SEQ82235_IMG_0006.JPG,1
Photos/dcac/SEQ82290_IMG_0016.JPG,0
Photos/dcac/SEQ82480_IMG_0003.JPG,1
Photos/dcac/SEQ82480_IMG_0010.JPG,1
Photos/dcac/SEQ82480_IMG_0017.JPG,1
Photos/dcac/SEQ83577_IMG_0001.JPG,1
Photos/dcac/SEQ84581_IMG_0001.JPG,1
Photos/dcac/SEQ84581_IMG_0011.JPG,1
Photos/dcac/SEQ84581_IMG_0019.JPG,1
Photos/dcac/SEQ84581_IMG_0026.JPG,1
Photos/dcac/SEQ84581_IMG_0033.JPG,1
Photos/dcac/SEQ84845_IMG_0004.JPG,1
Photos/dcac/SEQ84845_IMG_0011.JPG,1
Photos/dcac/SEQ84845_IMG_0018.JPG,1
Photos/dcac/SEQ84875_IMG_0007.JPG,1
Photos/dcac/SEQ85787_IMG_0002.JPG,1
Photos/dcac/SEQ85811_IMG_0003.JPG,1
Photos/dcac/SEQ86026_IMG_0002.JPG,1
Photos/dcac/SEQ86150_IMG_0003.JPG,1
Photos/dcac/SEQ86150_IMG_0010.JPG,1
Photos/dcac/SEQ86648_IMG_0001.JPG,1
Photos/dcac/SEQ86648_IMG_0008.JPG,1
Photos/dcac/SEQ86648_IMG_0015.JPG,1
Photos/dcac/SEQ88168_IMG_0004.JPG,1
Photos/dcac/SEQ88168_IMG_0011.JPG,1
Photos/dcac/SEQ88178_IMG_0001.JPG,1
Photos/dcac/SEQ88178_IMG_0008.JPG,1
Photos/dcac\pdfa/SEQ75016_IMG_0007.JPG,1
Photos/dcac\pdfa/SEQ75104_IMG_0006.JPG,1
Photos/dcac\pdfa\sdfas/SEQ75023_IMG_0004.JPG,1
Photos/dfasdf/SEQ75016_IMG_0001.JPG,1
Photos/dfasdf/SEQ75016_IMG_0009.JPG,1
Photos/dfasdf/SEQ75104_IMG_0001.JPG,0
Photos/dfasdf/SEQ75107_IMG_0002.JPG,1
Photos/dfasdf/SEQ75107_IMG_0009.JPG,1
Photos/dfasdf/SEQ75115_IMG_0007.JPG,1
Photos/dfasdf/SEQ75138_IMG_0002.JPG,1
Photos/dfasdf/SEQ75138_IMG_0011.JPG,1
Photos/dfasdf/SEQ75138_IMG_0018.JPG,1
Photos/dfasdf/SEQ75162_IMG_0008.JPG,1
Photos/dfasdf/SEQ75179_IMG_0002.JPG,1
Photos/dfasdf/SEQ75183_IMG_0005.JPG,1
Photos/dfasdf/SEQ75185_IMG_0001.JPG,1
Photos/dfasdf/SEQ75186_IMG_0006.JPG,1
Photos/dfasdf/SEQ75186_IMG_0014.JPG,1
Photos/dfasdf/SEQ75187_IMG_0006.JPG,1
Photos/dfasdf/SEQ75195_IMG_0001.JPG,1
Photos/dfasdf/SEQ75218_IMG_0001.JPG,1
Photos/dfasdf/SEQ75250_IMG_0004.JPG,0
Photos/dfasdf/SEQ75276_IMG_0005.JPG,1
Photos/dfasdf/SEQ75294_IMG_0004.JPG,0
Photos/dfasdf/SEQ75458_IMG_0001.JPG,1
Photos/dfasdf/SEQ75473_IMG_0004.JPG,1
Photos/dfasdf/SEQ75480_IMG_0004.JPG,1
Photos/dfasdf/SEQ75481_IMG_0001.JPG,0
Photos/dfasdf/SEQ75528_IMG_0002.JPG,1
Photos/dfasdf/SEQ75528_IMG_0010.JPG,1
Photos/dfasdf/SEQ75573_IMG_0003.JPG,1
Photos/dfasdf/SEQ75583_IMG_0002.JPG,1
Photos/dfasdf/SEQ75583_IMG_0012.JPG,1
Photos/dfasdf/SEQ75583_IMG_0020.JPG,1
Photos/dfasdf/SEQ75583_IMG_0027.JPG,1
Photos/dfasdf/SEQ75583_IMG_0036.JPG,1
Photos/dfasdf/SEQ75585_IMG_0003.JPG,1
Photos/dfasdf/SEQ75595_IMG_0004.JPG,1
Photos/dfasdf/SEQ75599_IMG_0003.JPG,1
Photos/dfasdf/SEQ75599_IMG_0010.JPG,0
Photos/dfasdf/SEQ75599_IMG_0019.JPG,1
Photos/dfasdf/SEQ75631_IMG_0004.JPG,1
Photos/dfasdf/SEQ75680_IMG_0014.JPG,1
Photos/dfasdf/SEQ75709_IMG_0001.JPG,1
Photos/dfasdf/SEQ75709_IMG_0011.JPG,1
Photos/dfasdf/SEQ75710_IMG_0005.JPG,1
Photos/dfasdf/SEQ75710_IMG_0012.JPG,1
Photos/dfasdf/SEQ75751_IMG_0004.JPG,1
Photos/dfasdf/SEQ75804_IMG_0001.JPG,0
Photos/dfasdf/SEQ75886_IMG_0007.JPG,1
Photos/dfasdf/SEQ75886_IMG_0015.JPG,1
Photos/dfasdf/SEQ75930_IMG_0002.JPG,1
Photos/dfasdf/SEQ75930_IMG_0009.JPG,1
Photos/dfasdf/SEQ75942_IMG_0007.JPG,1
Photos/dfasdf/SEQ76061_IMG_0011.JPG,1
Photos/dfasdf/SEQ76061_IMG_0018.JPG,1
Photos/dfasdf/SEQ76076_IMG_0004.JPG,1
Photos/dfasdf/SEQ76087_IMG_0002.JPG,0
Photos/dfasdf/SEQ76129_IMG_0009.JPG,1
Photos/dfasdf/SEQ76189_IMG_0001.JPG,0
Photos/dfasdf/SEQ76189_IMG_0008.JPG,1
Photos/dfasdf/SEQ76203_IMG_0005.JPG,1
Photos/dfasdf/SEQ76215_IMG_0006.JPG,1
Photos/dfasdf/SEQ76306_IMG_0006.JPG,1
Photos/dfasdf/SEQ76323_IMG_0005.JPG,1
Photos/dfasdf/SEQ76394_IMG_0001.JPG,1
Photos/dfasdf/SEQ76394_IMG_0009.JPG,1
Photos/dfasdf/SEQ76394_IMG_0020.JPG,1
Photos/dfasdf/SEQ76872_IMG_0001.JPG,1
Photos/dfasdf/SEQ76899_IMG_0003.JPG,1
Photos/dfasdf/SEQ77011_IMG_0003.JPG,1
Photos/dfasdf/SEQ77014_IMG_0005.JPG,1
Photos/dfasdf/SEQ77014_IMG_0014.JPG,1
Photos/dfasdf/SEQ77014_IMG_0021.JPG,1
Photos/dfasdf/SEQ77316_IMG_0002.JPG,1
Photos/dfasdf/SEQ77316_IMG_0010.JPG,1
Photos/dfasdf/SEQ77527_IMG_0003.JPG,1
Photos/dfasdf/SEQ77618_IMG_0001.JPG,1
Photos/dfasdf/SEQ77695_IMG_0001.JPG,1
Photos/dfasdf/SEQ77695_IMG_0008.JPG,1
Photos/dfasdf/SEQ79595_IMG_0001.JPG,0
Photos/dfasdf/SEQ79974_IMG_0010.JPG,1
Photos/dfasdf/SEQ80077_IMG_0002.JPG,1
Photos/dfasdf/SEQ80079_IMG_0005.JPG,1
Photos/dfasdf/SEQ80904_IMG_0003.JPG,1
Photos/dfasdf/SEQ80929_IMG_0001.JPG,1
Photos/dfasdf/SEQ80929_IMG_0008.JPG,1
Photos/dfasdf/SEQ80989_IMG_0006.JPG,1
Photos/dfasdf/SEQ81565_IMG_0004.JPG,1
Photos/dfasdf/SEQ81565_IMG_0012.JPG,1
Photos/dfasdf/SEQ81591_IMG_0001.JPG,1
Photos/dfasdf/SEQ81618_IMG_0006.JPG,1
Photos/dfasdf/SEQ81618_IMG_0014.JPG,1
Photos/dfasdf/SEQ81952_IMG_0002.JPG,1
Photos/dfasdf/SEQ81952_IMG_0012.JPG,1
Photos/dfasdf/SEQ81952_IMG_0021.JPG,1
Photos/dfasdf/SEQ81973_IMG_0002.JPG,1
Photos/dfasdf/SEQ82023_IMG_0007.JPG,1
Photos/dfasdf/SEQ82023_IMG_0015.JPG,1
Photos/dfasdf/SEQ82108_IMG_0003.JPG,1
Photos/dfasdf/SEQ82235_IMG_0001.JPG,1
Photos/dfasdf/SEQ82290_IMG_0012.JPG,0
Photos/dfasdf/SEQ82290_IMG_0020.JPG,0
Photos/dfasdf/SEQ82480_IMG_0007.JPG,1
Photos/dfasdf/SEQ82480_IMG_0015.JPG,1
Photos/dfasdf/SEQ83557_IMG_0005.JPG,1
Photos/dfasdf/SEQ84581_IMG_0003.JPG,1
Photos/dfasdf/SEQ84581_IMG_0014.JPG,1
Photos/dfasdf/SEQ84581_IMG_0021.JPG,1
Photos/dfasdf/SEQ84581_IMG_0029.JPG,1
Photos/dfasdf/SEQ84581_IMG_0036.JPG,1
Photos/dfasdf/SEQ84845_IMG_0007.JPG,1
Photos/dfasdf/SEQ84845_IMG_0015.JPG,1
Photos/dfasdf/SEQ84875_IMG_0005.JPG,1
Photos/dfasdf/SEQ84875_IMG_0012.JPG,1
Photos/dfasdf/SEQ85811_IMG_0002.JPG,1
Photos/dfasdf/SEQ86026_IMG_0001.JPG,1
Photos/dfasdf/SEQ86150_IMG_0002.JPG,1
Photos/dfasdf/SEQ86150_IMG_0011.JPG,1
Photos/dfasdf/SEQ86648_IMG_0002.JPG,1
Photos/dfasdf/SEQ86648_IMG_0010.JPG,1
Photos/dfasdf/SEQ86648_IMG_0017.JPG,1
Photos/dfasdf/SEQ88168_IMG_0006.JPG,1
Photos/dfasdf/SEQ88168_IMG_0013.JPG,1
Photos/dfasdf/SEQ88178_IMG_0004.JPG,1
